Row,sub_id,skin,skull,brain,brain_inner,targetL,targetR,ROItarget_L_max,ROItarget_R_max,ROItarget_L_avg,ROItarget_R_avg
pressure_L+z--r_R+z--r_all_phases,3,1.7454,1.024251,0.9427277,0.9427277,0.02727072,0.2227422,0.0996987,0.3067059,0.04823679,0.1510311
intensity_L+z--r_R+z--r_all_phases,3,86.52673,19.17605,27.30744,27.30744,0.02584086,1.520634,0.3079927,2.906422,0.08182751,0.8038155
mechanicalindex_L+z--r_R+z--r_all_phases,3,3.18665,1.870019,1.721177,1.721177,0.04978928,0.4066698,0.1820241,0.5599658,0.08806796,0.2757439
pressure_L+z--l_R+z--l_all_phases,3,1.266436,1.017018,0.8530928,0.8530928,0.05859512,0.2861566,0.1614454,0.3766683,0.07596113,0.175924
intensity_L+z--l_R+z--l_all_phases,3,45.84959,27.71434,24.34999,24.34999,0.1176313,2.522342,0.8034738,4.389424,0.2043858,1.177935
mechanicalindex_L+z--l_R+z--l_all_phases,3,2.312185,1.856813,1.557527,1.557527,0.1069796,0.522448,0.2947576,0.6876991,0.1386854,0.3211918
